{
  "iteration": 25,
  "avg_reward": 936.8699999999986,
  "avg_agreement": 0.5481422661277554,
  "avg_loss": 0.6591798882683119
}