{
  "iteration": 50,
  "avg_reward": 1220.0699999999986,
  "avg_agreement": 0.6756274664778221,
  "avg_loss": 0.5344063827395439
}