{
  "iteration": 400,
  "avg_reward": 3175.400000000036,
  "avg_agreement": 0.9070833333333334,
  "avg_loss": 0.30155979571243124
}