{
  "iteration": 400,
  "avg_reward": 3175.400000000036,
  "avg_agreement": 0.9075000000000001,
  "avg_loss": 0.2786263488729795
}