{
  "iteration": 400,
  "avg_reward": 3175.400000000036,
  "avg_agreement": 0.9066666666666666,
  "avg_loss": 0.27700025409460066
}